Equipo_Categoria;Titulo;Enlace_Yupoo;Imagen_URL
KANG Team Official ✅;Universidad de Chile1996 Away Retro Jersey S-XXL;https://minkang.x.yupoo.com/albums/255631322?uid=1&isSubCate=false&referrercate=3703045;https://photo.yupoo.com/minkang/f8eb123495/medium.jpg
KANG Team Official ✅;Universidad Católica 2010 Home Retro Jersey S-XXL;https://minkang.x.yupoo.com/albums/255631247?uid=1&isSubCate=false&referrercate=3703045;https://photo.yupoo.com/minkang/9385e29aad/small.jpg
KANG Team Official ✅;Universidad Catolica 1998 Home Retro Jersey S-XXL;https://minkang.x.yupoo.com/albums/255631172?uid=1&isSubCate=false&referrercate=3703045;https://photo.yupoo.com/minkang/09ba231e52/small.jpg
KANG Team Official ✅;Deportivo Universidad Católica 2009 Home Jersey S-XXL;https://minkang.x.yupoo.com/albums/255629664?uid=1&isSubCate=false&referrercate=3703045;https://photo.yupoo.com/minkang/cc06a0dbac/small.jpg
KANG Team Official ✅;Deportivo Universidad Católica 1998 Third Away Retro Jersey S-XXL;https://minkang.x.yupoo.com/albums/255629584?uid=1&isSubCate=false&referrercate=3703045;https://photo.yupoo.com/minkang/e7df5e3c33/small.jpg
KANG Team Official ✅;Deportivo Universidad Católica 1998 Away Retro Jersey S-XXL;https://minkang.x.yupoo.com/albums/255629545?uid=1&isSubCate=false&referrercate=3703045;https://photo.yupoo.com/minkang/d5b6fe9169/small.jpg
KANG Team Official ✅;Deportivo Universidad Católica 1996 Third Away Retro Jersey S-XXL;https://minkang.x.yupoo.com/albums/255629426?uid=1&isSubCate=false&referrercate=3703045;https://photo.yupoo.com/minkang/dadf1248af/small.jpg
KANG Team Official ✅;Colo Colo 98/99 Home Retro Jersey S-XXL;https://minkang.x.yupoo.com/albums/255629372?uid=1&isSubCate=false&referrercate=3703045;https://photo.yupoo.com/minkang/54ac694b2b/small.jpg
KANG Team Official ✅;Colo Colo 98/99 Away Retro Jersey S-XXL;https://minkang.x.yupoo.com/albums/255629342?uid=1&isSubCate=false&referrercate=3703045;https://photo.yupoo.com/minkang/fd830ad08f/small.jpg
KANG Team Official ✅;Colo Colo 97/98 Away Retro Jersey S-XXL;https://minkang.x.yupoo.com/albums/255629295?uid=1&isSubCate=false&referrercate=3703045;https://photo.yupoo.com/minkang/872cbc8d75/small.jpg
KANG Team Official ✅;Colo Colo 96/97 Home Retro Jersey S-XXL;https://minkang.x.yupoo.com/albums/255629274?uid=1&isSubCate=false&referrercate=3703045;https://photo.yupoo.com/minkang/e173c16b8b/small.jpg
KANG Team Official ✅;Colo Colo 96/97 Away Retro Jersey S-XXL;https://minkang.x.yupoo.com/albums/255629240?uid=1&isSubCate=false&referrercate=3703045;https://photo.yupoo.com/minkang/c842e75367/small.jpg
KANG Team Official ✅;Colo Colo 95/96 Home Retro Jersey S-XXL;https://minkang.x.yupoo.com/albums/255629206?uid=1&isSubCate=false&referrercate=3703045;https://photo.yupoo.com/minkang/a40234af4b/small.jpg
KANG Team Official ✅;Colo Colo 95/96 Away Retro Jersey S-XXL;https://minkang.x.yupoo.com/albums/255629158?uid=1&isSubCate=false&referrercate=3703045;https://photo.yupoo.com/minkang/f6ca40b44c/small.jpg
KANG Team Official ✅;Colo Colo 92/93 Away Retro Jersey S-XXL;https://minkang.x.yupoo.com/albums/255629120?uid=1&isSubCate=false&referrercate=3703045;https://photo.yupoo.com/minkang/3a78288b61/small.jpg
KANG Team Official ✅;Chile 2014 Home Retro Jersey S-XXL;https://minkang.x.yupoo.com/albums/255628485?uid=1&isSubCate=false&referrercate=3703045;https://photo.yupoo.com/minkang/1263fffad5/small.jpg
KANG Team Official ✅;Chile 1998 Away Retro Jersey S-XXL;https://minkang.x.yupoo.com/albums/255628460?uid=1&isSubCate=false&referrercate=3703045;https://photo.yupoo.com/minkang/53e9499bb2/small.jpg
KANG Team Official ✅;Chile 1982 Home Retro Jersey S-XXL;https://minkang.x.yupoo.com/albums/255628409?uid=1&isSubCate=false&referrercate=3703045;https://photo.yupoo.com/minkang/d4ec982e24/small.jpg
KANG Team Official ✅;Chile 16/17 Home Retro JerseyS-XXL;https://minkang.x.yupoo.com/albums/255628304?uid=1&isSubCate=false&referrercate=3703045;https://photo.yupoo.com/minkang/2af866c892/small.jpg
KANG Team Official ✅;Universidad de Chile 26/27 Home Kids kit Size 16-28;https://minkang.x.yupoo.com/albums/252958283?uid=1&isSubCate=false&referrercate=3703045;https://photo.yupoo.com/minkang/15830f88f6/small.jpg
KANG Team Official ✅;Universidad de Chile 26/27 Away Kids kit Size 16-28;https://minkang.x.yupoo.com/albums/252958267?uid=1&isSubCate=false&referrercate=3703045;https://photo.yupoo.com/minkang/527e3d01df/small.jpg
KANG Team Official ✅;Universidad Católica 26/27 Home Kids kit Size 16-28;https://minkang.x.yupoo.com/albums/252958250?uid=1&isSubCate=false&referrercate=3703045;https://photo.yupoo.com/minkang/bda5d2cb8b/small.jpg
KANG Team Official ✅;Universidad de Chile Classic Long Sleeve Graphic Sweatshirt - Blue S-XXL;https://minkang.x.yupoo.com/albums/248665121?uid=1&isSubCate=false&referrercate=3703045;https://photo.yupoo.com/minkang/e448cc4978/small.jpg
KANG Team Official ✅;Colo Colo Classic Long Sleeve Graphic Sweatshirt S-XXL;https://minkang.x.yupoo.com/albums/248665378?uid=1&isSubCate=false&referrercate=3703045;https://photo.yupoo.com/minkang/d647a81ae0/small.jpg
KANG Team Official ✅;Universidad de Chile 26/27 Third Jersey S-4XL;https://minkang.x.yupoo.com/albums/244275766?uid=1&isSubCate=false&referrercate=3703045;https://photo.yupoo.com/minkang/4c36f5ae4e/small.jpg
KANG Team Official ✅;Colo Colo 26/27 Special Edition Jersey S-4XL;https://minkang.x.yupoo.com/albums/236326956?uid=1&isSubCate=false&referrercate=3703045;https://photo.yupoo.com/minkang/4814d7e6fb/small.jpg
KANG Team Official ✅;Universidad de Chile 26/27 Originals Jacket S-XXL;https://minkang.x.yupoo.com/albums/234182868?uid=1&isSubCate=false&referrercate=3703045;https://photo.yupoo.com/minkang/5aa5f9b453/small.jpg
KANG Team Official ✅;Colo Colo 26/27 Originals Jacket Black S-XXL;https://minkang.x.yupoo.com/albums/234181896?uid=1&isSubCate=false&referrercate=3703045;https://photo.yupoo.com/minkang/d5d0c64469/small.jpg
KANG Team Official ✅;Colo Colo 26/27 DNA T-shirt - Black S-4XL;https://minkang.x.yupoo.com/albums/230750916?uid=1&isSubCate=false&referrercate=3703045;https://photo.yupoo.com/minkang/d40bfb38/small.jpg
KANG Team Official ✅;Colo Colo 26/27 GK Jersey Purple S-3XL;https://minkang.x.yupoo.com/albums/230750861?uid=1&isSubCate=false&referrercate=3703045;https://photo.yupoo.com/minkang/99085a38/small.jpg
KANG Team Official ✅;Colo Colo 26/27 GK Jersey Yellow S-3XL;https://minkang.x.yupoo.com/albums/230750806?uid=1&isSubCate=false&referrercate=3703045;https://photo.yupoo.com/minkang/8a3ac2c7/small.jpg
KANG Team Official ✅;Colo Colo 26/27 Sweatshirt S-XXL;https://minkang.x.yupoo.com/albums/230750757?uid=1&isSubCate=false&referrercate=3703045;https://photo.yupoo.com/minkang/7ee189d6/small.jpg
KANG Team Official ✅;Colo Colo 26/27 Training Vest Black S-3XL;https://minkang.x.yupoo.com/albums/230750667?uid=1&isSubCate=false&referrercate=3703045;https://photo.yupoo.com/minkang/43d09c8b/small.jpg
KANG Team Official ✅;Colo Colo 26/27 Training Vest Red S-3XL;https://minkang.x.yupoo.com/albums/230750613?uid=1&isSubCate=false&referrercate=3703045;https://photo.yupoo.com/minkang/2aa6c45a/small.jpg
KANG Team Official ✅;Universidad de Chile 26/27 Long Sleeve Jersey S-XXL;https://minkang.x.yupoo.com/albums/230749791?uid=1&isSubCate=false&referrercate=3703045;https://photo.yupoo.com/minkang/61d79748/small.jpg
KANG Team Official ✅;Universidad de Chile 26/27 Sweatshirt S-XXL;https://minkang.x.yupoo.com/albums/230749695?uid=1&isSubCate=false&referrercate=3703045;https://photo.yupoo.com/minkang/c56f186c/small.jpg
KANG Team Official ✅;Universidad de Chile Originals - Azul S-4XL;https://minkang.x.yupoo.com/albums/229900566?uid=1&isSubCate=false&referrercate=3703045;https://photo.yupoo.com/minkang/9c45fefe/small.jpg
KANG Team Official ✅;Colo Colo Originals T-shirt White S-4XL;https://minkang.x.yupoo.com/albums/229894530?uid=1&isSubCate=false&referrercate=3703045;https://photo.yupoo.com/minkang/6fd07729/small.jpg
KANG Team Official ✅;Colo Colo 26/27 Pre-Match Kids Kit Size 16-28;https://minkang.x.yupoo.com/albums/229204161?uid=1&isSubCate=false&referrercate=3703045;https://photo.yupoo.com/minkang/aaac1a36/small.jpg
KANG Team Official ✅;Colo Colo 2627 Home Kids Kit Size 16-28;https://minkang.x.yupoo.com/albums/229204134?uid=1&isSubCate=false&referrercate=3703045;https://photo.yupoo.com/minkang/b4afa6f1/small.jpg
KANG Team Official ✅;Colo Colo 26/27 Away Kids Kit Size 16-28;https://minkang.x.yupoo.com/albums/229204084?uid=1&isSubCate=false&referrercate=3703045;https://photo.yupoo.com/minkang/3d6bbb2b/small.jpg
KANG Team Official ✅;Universidad de Chile 26/27 Away Long-sleeved Jersey S-XXL;https://minkang.x.yupoo.com/albums/227758678?uid=1&isSubCate=false&referrercate=3703045;https://photo.yupoo.com/minkang/e9764140/small.jpg
KANG Team Official ✅;Universidad de Chile 26/27 Away Jersey S-4XL;https://minkang.x.yupoo.com/albums/227576475?uid=1&isSubCate=false&referrercate=3703045;https://photo.yupoo.com/minkang/d44d6188/small.jpg
KANG Team Official ✅;Deportivo Universidad Católica 26/27 Away Jersey S-XXL;https://minkang.x.yupoo.com/albums/227571987?uid=1&isSubCate=false&referrercate=3703045;https://photo.yupoo.com/minkang/261d222c/small.jpg
KANG Team Official ✅;Universidad de Chile 26/27 Pre-match Jerseys S-XXL;https://minkang.x.yupoo.com/albums/226516395?uid=1&isSubCate=false&referrercate=3703045;https://photo.yupoo.com/minkang/d720df06/small.jpg
KANG Team Official ✅;Universidad de Chile 26/27 Home Jersey S-4XL;https://minkang.x.yupoo.com/albums/226516355?uid=1&isSubCate=false&referrercate=3703045;https://photo.yupoo.com/minkang/49f4743d/small.jpg
KANG Team Official ✅;Universidad de Chile 26/27 Home Long-sleeved Jersey S-4XL;https://minkang.x.yupoo.com/albums/226515258?uid=1&isSubCate=false&referrercate=3703045;https://photo.yupoo.com/minkang/f5ce5e6a/small.jpg
KANG Team Official ✅;Colo Colo 26/27 Pre-match Jersey S-4XL;https://minkang.x.yupoo.com/albums/226512238?uid=1&isSubCate=false&referrercate=3703045;https://photo.yupoo.com/minkang/c9a41a5d/small.jpg
KANG Team Official ✅;Colo Colo 26/27 Home Long-Sleeve Jersey S-4XL;https://minkang.x.yupoo.com/albums/226512196?uid=1&isSubCate=false&referrercate=3703045;https://photo.yupoo.com/minkang/aaa504f3/small.jpg
KANG Team Official ✅;Colo Colo 26/27 Away Jersey S-4XL;https://minkang.x.yupoo.com/albums/226512147?uid=1&isSubCate=false&referrercate=3703045;https://photo.yupoo.com/minkang/46ce000e/small.jpg
KANG Team Official ✅;Universidad de Chile 26/27 Long-sleeved Training S-XXL;https://minkang.x.yupoo.com/albums/224170124?uid=1&isSubCate=false&referrercate=3703045;https://photo.yupoo.com/minkang/f568c1d8/small.jpg
KANG Team Official ✅;Universidad de Chile 26/27 Training Jersey S-4XL;https://minkang.x.yupoo.com/albums/224150308?uid=1&isSubCate=false&referrercate=3703045;https://photo.yupoo.com/minkang/f8a6e8f6/small.jpg
KANG Team Official ✅;Universidad de Chile 26/27 POLO S-4XL;https://minkang.x.yupoo.com/albums/224150197?uid=1&isSubCate=false&referrercate=3703045;https://photo.yupoo.com/minkang/89e3156b/small.jpg
KANG Team Official ✅;Colo Colo 26/27 Training Jersey S-4XL;https://minkang.x.yupoo.com/albums/224148644?uid=1&isSubCate=false&referrercate=3703045;https://photo.yupoo.com/minkang/dcb39605/small.jpg
KANG Team Official ✅;Colo Colo 26/27 POLO S-4XL;https://minkang.x.yupoo.com/albums/224148548?uid=1&isSubCate=false&referrercate=3703045;https://photo.yupoo.com/minkang/dac0be73/small.jpg
KANG Team Official ✅;Colo Colo 26/27 Away Jersey S-4XL;https://minkang.x.yupoo.com/albums/224148467?uid=1&isSubCate=false&referrercate=3703045;https://photo.yupoo.com/minkang/bdb08603/small.jpg
KANG Team Official ✅;Universidad Catolica 26/27 Home Jersey S-4XL;https://minkang.x.yupoo.com/albums/223003574?uid=1&isSubCate=false&referrercate=3703045;https://photo.yupoo.com/minkang/6d3f1a92/small.jpg
KANG Team Official ✅;Colo Colo 26/27 Home Jersey S-4XL;https://minkang.x.yupoo.com/albums/222820747?uid=1&isSubCate=false&referrercate=3703045;https://photo.yupoo.com/minkang/968fbad9/small.jpg
KANG Team Official ✅;Retro Long Sleeve Colo Colo 2006 Home S-XXL;https://minkang.x.yupoo.com/albums/151793640?uid=1&isSubCate=false&referrercate=3703045;https://photo.yupoo.com/minkang/3b1bffaa/small.jpg
KANG Team Official ✅;Retro University of Chile 2003 Home S-3XL;https://minkang.x.yupoo.com/albums/168820876?uid=1&isSubCate=false&referrercate=3703045;https://photo.yupoo.com/minkang/7c810563/small.jpg
KANG Team Official ✅;Retro Universidad de Chile 2003 Away S-3XL;https://minkang.x.yupoo.com/albums/168820911?uid=1&isSubCate=false&referrercate=3703045;https://photo.yupoo.com/minkang/9d4bfa86/small.jpg
KANG Team Official ✅;Colo Colo Reversible Jacket Windbreaker - White & Blue S-XXL;https://minkang.x.yupoo.com/albums/215949797?uid=1&isSubCate=false&referrercate=3703045;https://photo.yupoo.com/minkang/6c04c14d/small.jpg
KANG Team Official ✅;Colo Colo 25/26 US Pack Full-Button Baseball Jersey White S-4XL;https://minkang.x.yupoo.com/albums/215945906?uid=1&isSubCate=false&referrercate=3703045;https://photo.yupoo.com/minkang/6c909d19/small.jpg
KANG Team Official ✅;Colo Colo 25/26 Goalkeeper-Purple Jersey S-4XL;https://minkang.x.yupoo.com/albums/215945420?uid=1&isSubCate=false&referrercate=3703045;https://photo.yupoo.com/minkang/31f95500/small.jpg
KANG Team Official ✅;Colo Colo 2006 Home Jersey S-3XL;https://minkang.x.yupoo.com/albums/215727589?uid=1&isSubCate=false&referrercate=3703045;https://photo.yupoo.com/minkang/a32323cb/small.jpg
KANG Team Official ✅;Colo Colo 2011 Away Jersey S-XXL;https://minkang.x.yupoo.com/albums/215727376?uid=1&isSubCate=false&referrercate=3703045;https://photo.yupoo.com/minkang/afadfa47/small.jpg
KANG Team Official ✅;Universidad de Chile 1996 Home Jersey S-3XL;https://minkang.x.yupoo.com/albums/215724149?uid=1&isSubCate=false&referrercate=3703045;https://photo.yupoo.com/minkang/82c716da/small.jpg
KANG Team Official ✅;Universidad de Chile 1998 Home Jersey S-3XL;https://minkang.x.yupoo.com/albums/215723732?uid=1&isSubCate=false&referrercate=3703045;https://photo.yupoo.com/minkang/157f7430/small.jpg
KANG Team Official ✅;Retro 2006 colo colo away S-XXL;https://minkang.x.yupoo.com/albums/215727710?uid=1&isSubCate=false&referrercate=3703045;https://photo.yupoo.com/minkang/23890309/small.jpg
KANG Team Official ✅;Colo Colo 1991 Home Jersey Long Sleeve S-XXL;https://minkang.x.yupoo.com/albums/215727925?uid=1&isSubCate=false&referrercate=3703045;https://photo.yupoo.com/minkang/f1348280/small.jpg
KANG Team Official ✅;Retro 2011 Long Sleeve Universidad de Chile home S-XXL共;https://minkang.x.yupoo.com/albums/215728101?uid=1&isSubCate=false&referrercate=3703045;https://photo.yupoo.com/minkang/5dd98437/small.jpg
KANG Team Official ✅;Universidad Catolica 1996 Away Retro Jersey Long Sleeve S-XXL;https://minkang.x.yupoo.com/albums/215727954?uid=1&isSubCate=false&referrercate=3703045;https://photo.yupoo.com/minkang/47c3fe16/small.jpg
KANG Team Official ✅;Universidad Catolica 1996 Home Retro Jersey Long Sleeve S-XXL;https://minkang.x.yupoo.com/albums/215728015?uid=1&isSubCate=false&referrercate=3703045;https://photo.yupoo.com/minkang/88354d42/small.jpg
KANG Team Official ✅;Universidad de Chile 1996 Away Jersey Long Sleeve S-3XL;https://minkang.x.yupoo.com/albums/215728051?uid=1&isSubCate=false&referrercate=3703045;https://photo.yupoo.com/minkang/ba6f4144/small.jpg
KANG Team Official ✅;Retro Long Sleeve Universidad de Chile1996 Home S-3XL;https://minkang.x.yupoo.com/albums/215728068?uid=1&isSubCate=false&referrercate=3703045;https://photo.yupoo.com/minkang/41dce86f/small.jpg
KANG Team Official ✅;Retro 1998 Long Sleeve University of Chile home S-XX;https://minkang.x.yupoo.com/albums/215728112?uid=1&isSubCate=false&referrercate=3703045;https://photo.yupoo.com/minkang/28abb412/small.jpg
KANG Team Official ✅;colo colo 25/26 Training Suit S-4XL;https://minkang.x.yupoo.com/albums/214781501?uid=1&isSubCate=false&referrercate=3703045;https://photo.yupoo.com/minkang/005c44a6/small.jpg
KANG Team Official ✅;Retro colo colo 2003 Home S-XXL;https://minkang.x.yupoo.com/albums/212486777?uid=1&isSubCate=false&referrercate=3703045;https://photo.yupoo.com/minkang/a622e375/small.jpg
KANG Team Official ✅;Colo Colo 2005 Home Retro Jersey S-XXL;https://minkang.x.yupoo.com/albums/212486319?uid=1&isSubCate=false&referrercate=3703045;https://photo.yupoo.com/minkang/beb28319/small.jpg
KANG Team Official ✅;Colo Colo 25/26 Home Jersey S-4XL;https://minkang.x.yupoo.com/albums/212700636?uid=1&isSubCate=false&referrercate=3703045;https://photo.yupoo.com/minkang/8c8ca9ba/small.jpg
KANG Team Official ✅;Colo Colo 25/26 Goalkeeper Black Jersey S-4XL;https://minkang.x.yupoo.com/albums/212700565?uid=1&isSubCate=false&referrercate=3703045;https://photo.yupoo.com/minkang/2bce6b8c/small.jpg
KANG Team Official ✅;Colo Colo 2004 Home Retro Jersey S-XXL;https://minkang.x.yupoo.com/albums/212486148?uid=1&isSubCate=false&referrercate=3703045;https://photo.yupoo.com/minkang/9f70fac2/small.jpg
KANG Team Official ✅;Colo Colo 2004 Away Retro Jersey S-XXL;https://minkang.x.yupoo.com/albums/212485563?uid=1&isSubCate=false&referrercate=3703045;https://photo.yupoo.com/minkang/7340779b/small.jpg
KANG Team Official ✅;Colo Colo 2005 Away Retro Jersey S-XXL;https://minkang.x.yupoo.com/albums/212485481?uid=1&isSubCate=false&referrercate=3703045;https://photo.yupoo.com/minkang/4cb144f9/small.jpg
KANG Team Official ✅;Universidad de Chile 1993 Home Retro Jersey S-XXL;https://minkang.x.yupoo.com/albums/212485138?uid=1&isSubCate=false&referrercate=3703045;https://photo.yupoo.com/minkang/6af46a17/small.jpg
KANG Team Official ✅;Retro Colo Colo 2013 Away S-XXL;https://minkang.x.yupoo.com/albums/209571030?uid=1&isSubCate=false&referrercate=3703045;https://photo.yupoo.com/minkang/bf32e3be/small.jpeg
KANG Team Official ✅;Retro Colo Colo 2013 Home S-XXL;https://minkang.x.yupoo.com/albums/209571013?uid=1&isSubCate=false&referrercate=3703045;https://photo.yupoo.com/minkang/1b2656e1/small.jpg
KANG Team Official ✅;Retro long sleeve colo colo 1991 black S-XXL;https://minkang.x.yupoo.com/albums/209570956?uid=1&isSubCate=false&referrercate=3703045;https://photo.yupoo.com/minkang/766601af/small.jpg
KANG Team Official ✅;25/26 Colo Colo 100th Anniversary White S-XXL;https://minkang.x.yupoo.com/albums/193040654?uid=1&isSubCate=false&referrercate=3703045;https://photo.yupoo.com/minkang/6214ed3c/small.jpg
KANG Team Official ✅;25/26 Colo Colo 100th Anniversary Black S-4XL;https://minkang.x.yupoo.com/albums/191937884?uid=1&isSubCate=false&referrercate=3703045;https://photo.yupoo.com/minkang/4f31ccc2/small.jpeg
KANG Team Official ✅;25/26 Colo Colo 100th Anniversary White S-4XL;https://minkang.x.yupoo.com/albums/191937882?uid=1&isSubCate=false&referrercate=3703045;https://photo.yupoo.com/minkang/1f14fc0c/small.jpeg
KANG Team Official ✅;25/26 Catholic University Third Away S-XXL;https://minkang.x.yupoo.com/albums/190506293?uid=1&isSubCate=false&referrercate=3703045;https://photo.yupoo.com/minkang/96df6e05/small.jpeg
KANG Team Official ✅;Retro University of Chile 01/02 Away S-XXL;https://minkang.x.yupoo.com/albums/190505351?uid=1&isSubCate=false&referrercate=3703045;https://photo.yupoo.com/minkang/299a2d33/small.jpg
KANG Team Official ✅;Retro University of Chile 01/02 Home S-XXL;https://minkang.x.yupoo.com/albums/190505113?uid=1&isSubCate=false&referrercate=3703045;https://photo.yupoo.com/minkang/720a533e/small.jpg
KANG Team Official ✅;Retro University of Chile 1993 Home S-XXL;https://minkang.x.yupoo.com/albums/190504964?uid=1&isSubCate=false&referrercate=3703045;https://photo.yupoo.com/minkang/6fa14ab8/small.jpeg
KANG Team Official ✅;Retro Colo Colo 2004 Home S-XXL;https://minkang.x.yupoo.com/albums/190504750?uid=1&isSubCate=false&referrercate=3703045;https://photo.yupoo.com/minkang/e2cb3dd6/small.jpeg
KANG Team Official ✅;Retro Colo Colo 2004 Away S-XXL;https://minkang.x.yupoo.com/albums/190504572?uid=1&isSubCate=false&referrercate=3703045;https://photo.yupoo.com/minkang/b0ee6d69/small.jpeg
KANG Team Official ✅;Retro long sleeve colo colo 97/98 home S-XXL;https://minkang.x.yupoo.com/albums/187342570?uid=1&isSubCate=false&referrercate=3703045;https://photo.yupoo.com/minkang/55375f27/small.jpg
KANG Team Official ✅;Retro colo colo 2003 away S-XXL;https://minkang.x.yupoo.com/albums/187342590?uid=1&isSubCate=false&referrercate=3703045;https://photo.yupoo.com/minkang/bf63b581/small.jpg
KANG Team Official ✅;Retro Colo Colo 97/98 Home S-XXL;https://minkang.x.yupoo.com/albums/184674999?uid=1&isSubCate=false&referrercate=3703045;https://photo.yupoo.com/minkang/a52328df/small.jpg
KANG Team Official ✅;Retro long sleeve Colo Colo 2006 Away S-XXL;https://minkang.x.yupoo.com/albums/159918784?uid=1&isSubCate=false&referrercate=3703045;https://photo.yupoo.com/minkang/dc2ed34f/small.jpg
KANG Team Official ✅;Retro Long Sleeve 1998 Chile home S-XXL;https://minkang.x.yupoo.com/albums/116187631?uid=1&isSubCate=false&referrercate=3703045;https://photo.yupoo.com/minkang/912c5d7d/small.jpg
KANG Team Official ✅;Retro Long Sleeve Chile 1998 away S-XXL;https://minkang.x.yupoo.com/albums/115642642?uid=1&isSubCate=false&referrercate=3703045;https://photo.yupoo.com/minkang/68466b74/small.jpg
KANG Team Official ✅;Retro 1998 Deportivo Universidad Católica Third away S-XXL;https://minkang.x.yupoo.com/albums/112844339?uid=1&isSubCate=false&referrercate=3703045;https://photo.yupoo.com/minkang/fe989bdd/small.jpg
KANG Team Official ✅;Retro Universidad de Chile1996 away S-XXL;https://minkang.x.yupoo.com/albums/112346725?uid=1&isSubCate=false&referrercate=3703045;https://photo.yupoo.com/minkang/193a2ed5/small.jpg
KANG Team Official ✅;Retro 2011 Universidad de Chile home S-XXL;https://minkang.x.yupoo.com/albums/108853761?uid=1&isSubCate=false&referrercate=3703045;https://photo.yupoo.com/minkang/f271bce8/small.jpg
KANG Team Official ✅;Retro 1991 colo colo away S-XXL;https://minkang.x.yupoo.com/albums/107942590?uid=1&isSubCate=false&referrercate=3703045;https://photo.yupoo.com/minkang/ada956f5/small.jpg
KANG Team Official ✅;Retro colo colo 2011 home S-XXL;https://minkang.x.yupoo.com/albums/107158750?uid=1&isSubCate=false&referrercate=3703045;https://photo.yupoo.com/minkang/5bd4f28c/small.jpg
KANG Team Official ✅;Retro 1991 colo colo home S-XXL;https://minkang.x.yupoo.com/albums/106322854?uid=1&isSubCate=false&referrercate=3703045;https://photo.yupoo.com/minkang/590fda54/small.jpg
KANG Team Official ✅;Retro Chile 1998 away S-XXL;https://minkang.x.yupoo.com/albums/105553886?uid=1&isSubCate=false&referrercate=3703045;https://photo.yupoo.com/minkang/bcbcca17/small.jpg
KANG Team Official ✅;Retro Universidad de Chile 1998 home S-XXL;https://minkang.x.yupoo.com/albums/105553793?uid=1&isSubCate=false&referrercate=3703045;https://photo.yupoo.com/minkang/f3d57394/small.jpg
KANG Team Official ✅;Retro 1998 Chile home S-XXL;https://minkang.x.yupoo.com/albums/104636701?uid=1&isSubCate=false&referrercate=3703045;https://photo.yupoo.com/minkang/c96d71f6/small.jpg
KANG Team Official ✅;Retro 1998 University of Chile home S-XXL;https://minkang.x.yupoo.com/albums/99885630?uid=1&isSubCate=false&referrercate=3703045;https://photo.yupoo.com/minkang/9c391334/small.jpg
KANG Team Official ✅;Rangers 26/27 Away Jersey S-4XL;https://minkang.x.yupoo.com/albums/255634495?uid=1&isSubCate=false&referrercate=3452090;https://photo.yupoo.com/minkang/c83f3e64c3/medium.jpg
KANG Team Official ✅;Rangers 99/00 Away Retro Jersey S-XXL;https://minkang.x.yupoo.com/albums/255634837?uid=1&isSubCate=false&referrercate=3452090;https://photo.yupoo.com/minkang/2e4215af4a/small.jpg
KANG Team Official ✅;Rangers 94/96 Home Retro Jersey S-XXL;https://minkang.x.yupoo.com/albums/255634826?uid=1&isSubCate=false&referrercate=3452090;https://photo.yupoo.com/minkang/bc827dd4d6/small.jpg
KANG Team Official ✅;Rangers 94/95 European Third Retro Jersey S-XXL;https://minkang.x.yupoo.com/albums/255634687?uid=1&isSubCate=false&referrercate=3452090;https://photo.yupoo.com/minkang/6b5006b666/small.jpg
KANG Team Official ✅;Rangers 94/95 Away Retro Jersey S-XXL;https://minkang.x.yupoo.com/albums/255634654?uid=1&isSubCate=false&referrercate=3452090;https://photo.yupoo.com/minkang/aca3c2eeb2/small.jpg
KANG Team Official ✅;Rangers 93/94 Away Retro Jersey S-XXL;https://minkang.x.yupoo.com/albums/255634632?uid=1&isSubCate=false&referrercate=3452090;https://photo.yupoo.com/minkang/e6a40c9866/small.jpg
KANG Team Official ✅;Rangers 90/92 Home Retro Jersey S-XXL;https://minkang.x.yupoo.com/albums/255634598?uid=1&isSubCate=false&referrercate=3452090;https://photo.yupoo.com/minkang/141d8ba96b/small.jpg
KANG Team Official ✅;Rangers 90/92 Away Retro Jersey S-XXL;https://minkang.x.yupoo.com/albums/255634536?uid=1&isSubCate=false&referrercate=3452090;https://photo.yupoo.com/minkang/101c6ab072/small.jpg
KANG Team Official ✅;Rangers 82/83 Home Retro Jersey S-XXL;https://minkang.x.yupoo.com/albums/255634520?uid=1&isSubCate=false&referrercate=3452090;https://photo.yupoo.com/minkang/746789f55d/small.jpg
KANG Team Official ✅;Rangers 15/16 Home Retro Jersey S-XXL;https://minkang.x.yupoo.com/albums/255634463?uid=1&isSubCate=false&referrercate=3452090;https://photo.yupoo.com/minkang/c17ae0c486/small.jpg
KANG Team Official ✅;Rangers 02/03 Home Retro Jersey S-XXL;https://minkang.x.yupoo.com/albums/255634446?uid=1&isSubCate=false&referrercate=3452090;https://photo.yupoo.com/minkang/e47e2e667f/small.jpg
KANG Team Official ✅;Rangers 93/94 Away Retro Jersey S-2XL;https://minkang.x.yupoo.com/albums/255634417?uid=1&isSubCate=false&referrercate=3452090;https://photo.yupoo.com/minkang/5d010ff558/small.jpg
KANG Team Official ✅;Celtics 94/96 Away Retro Jersey S-XXL;https://minkang.x.yupoo.com/albums/255634071?uid=1&isSubCate=false&referrercate=3452090;https://photo.yupoo.com/minkang/abead691b9/small.jpg
KANG Team Official ✅;Celtics 85/86 Away Retro Jersey S-2XL;https://minkang.x.yupoo.com/albums/255634010?uid=1&isSubCate=false&referrercate=3452090;https://photo.yupoo.com/minkang/ee8e58b0c7/small.jpg
KANG Team Official ✅;Celtics 85/86 Home Retro Jersey S-XXL;https://minkang.x.yupoo.com/albums/255633984?uid=1&isSubCate=false&referrercate=3452090;https://photo.yupoo.com/minkang/bc5aeeaf5a/small.jpg
KANG Team Official ✅;Celtic 99/00 Home Retro Jersey S-XXL;https://minkang.x.yupoo.com/albums/255633963?uid=1&isSubCate=false&referrercate=3452090;https://photo.yupoo.com/minkang/30c6150d78/small.jpg
KANG Team Official ✅;Celtic 98/99 Away Retro Jersey S-XXL;https://minkang.x.yupoo.com/albums/255633942?uid=1&isSubCate=false&referrercate=3452090;https://photo.yupoo.com/minkang/1976d522d6/small.jpg
KANG Team Official ✅;Celtic 91/92 Home Retro Jersey S-XXL;https://minkang.x.yupoo.com/albums/255633831?uid=1&isSubCate=false&referrercate=3452090;https://photo.yupoo.com/minkang/d4650e7865/small.jpg
KANG Team Official ✅;Celtic 87/88 Home Retro Jersey S-XXL;https://minkang.x.yupoo.com/albums/255633813?uid=1&isSubCate=false&referrercate=3452090;https://photo.yupoo.com/minkang/1da5ef1273/small.jpg
KANG Team Official ✅;Celtic 87/88 Home Retro Jersey S-XXL;https://minkang.x.yupoo.com/albums/255633778?uid=1&isSubCate=false&referrercate=3452090;https://photo.yupoo.com/minkang/cf362f487d/small.jpg
KANG Team Official ✅;Celtic 85/87 Home Retro Jersey S-XXL;https://minkang.x.yupoo.com/albums/255633750?uid=1&isSubCate=false&referrercate=3452090;https://photo.yupoo.com/minkang/a6cd542b1e/small.jpg
KANG Team Official ✅;Celtic 26/27 Home Jersey S-4XL;https://minkang.x.yupoo.com/albums/255633599?uid=1&isSubCate=false&referrercate=3452090;https://photo.yupoo.com/minkang/ce7e820611/small.jpg
KANG Team Official ✅;Celtic 26/27 Third Away Jersey S-4XL;https://minkang.x.yupoo.com/albums/255633636?uid=1&isSubCate=false&referrercate=3452090;https://photo.yupoo.com/minkang/e144b8d25b/small.jpg
KANG Team Official ✅;Celtic 12/13 125th Anniversary Edition Retro Jersey S-XXL;https://minkang.x.yupoo.com/albums/255633581?uid=1&isSubCate=false&referrercate=3452090;https://photo.yupoo.com/minkang/fa33bd65a5/small.jpg
KANG Team Official ✅;Celtic 10/12 Home Retro Jersey S-XXL;https://minkang.x.yupoo.com/albums/255633485?uid=1&isSubCate=false&referrercate=3452090;https://photo.yupoo.com/minkang/bda71a023f/small.jpg
KANG Team Official ✅;Celtic 06/07 Away Retro Jersey S-XXL;https://minkang.x.yupoo.com/albums/255633412?uid=1&isSubCate=false&referrercate=3452090;https://photo.yupoo.com/minkang/909205f210/small.jpg
KANG Team Official ✅;Celtic 05/06 Home Retro Jersey S-XXL;https://minkang.x.yupoo.com/albums/255633277?uid=1&isSubCate=false&referrercate=3452090;https://photo.yupoo.com/minkang/f335df903e/small.jpg
KANG Team Official ✅;Celtic 03/04 Home Retro Jersey S-XXL;https://minkang.x.yupoo.com/albums/255633247?uid=1&isSubCate=false&referrercate=3452090;https://photo.yupoo.com/minkang/e1c5296c64/small.jpg
KANG Team Official ✅;Celtic 01/03 Home Retro Jersey S-XXL;https://minkang.x.yupoo.com/albums/255633211?uid=1&isSubCate=false&referrercate=3452090;https://photo.yupoo.com/minkang/1c9db5226d/small.jpg
KANG Team Official ✅;Celtic Originals Retro Style Casual Shirt S-XXL;https://minkang.x.yupoo.com/albums/252957624?uid=1&isSubCate=false&referrercate=3452090;https://photo.yupoo.com/minkang/10ef887ff1/small.jpg
KANG Team Official ✅;Dundee United 26/27 Home Jersey S-4XL;https://minkang.x.yupoo.com/albums/252347781?uid=1&isSubCate=false&referrercate=3452090;https://photo.yupoo.com/minkang/92059e9c2a/small.jpg
KANG Team Official ✅;Rangers 26/27 Third Kids Kit Size 16-28;https://minkang.x.yupoo.com/albums/253817748?uid=1&isSubCate=false&referrercate=3452090;https://photo.yupoo.com/minkang/0e66aabe83/small.jpg
KANG Team Official ✅;Celtic 26/27 Third Away Kids kit Size 16-28;https://minkang.x.yupoo.com/albums/253283961?uid=1&isSubCate=false&referrercate=3452090;https://photo.yupoo.com/minkang/5a50f89ec0/small.jpg
KANG Team Official ✅;Rangers 26/27 Home Kids kit Size 16-28;https://minkang.x.yupoo.com/albums/253283155?uid=1&isSubCate=false&referrercate=3452090;https://photo.yupoo.com/minkang/ee8de9a4cb/small.jpg
KANG Team Official ✅;Celtic 26/27 Home Kids Kit Jersey Size: 16-28;https://minkang.x.yupoo.com/albums/251103228?uid=1&isSubCate=false&referrercate=3452090;https://photo.yupoo.com/minkang/07265795b7/small.jpg
KANG Team Official ✅;Rangers 26/27 Third Away Game Jersey S-4XL;https://minkang.x.yupoo.com/albums/249065323?uid=1&isSubCate=false&referrercate=3452090;https://photo.yupoo.com/minkang/af6465a89b/small.jpg
KANG Team Official ✅;Aberdeen 93/94 Away Retro Jersey S-XXL;https://minkang.x.yupoo.com/albums/247186934?uid=1&isSubCate=false&referrercate=3452090;https://photo.yupoo.com/minkang/5cce54b5de/small.jpg
KANG Team Official ✅;Aberdeen 87/90 Home Retro Jersey S-XXL;https://minkang.x.yupoo.com/albums/245838705?uid=1&isSubCate=false&referrercate=3452090;https://photo.yupoo.com/minkang/f164707e65/small.jpg
KANG Team Official ✅;Celtic 26/27 Home Kids Kit Jersey Size：16-28;https://minkang.x.yupoo.com/albums/245426128?uid=1&isSubCate=false&referrercate=3452090;https://photo.yupoo.com/minkang/f6a31ba440/small.jpg
KANG Team Official ✅;Rangers 26/27 Away Kids Kit Jersey Size 16-28;https://minkang.x.yupoo.com/albums/245427692?uid=1&isSubCate=false&referrercate=3452090;https://photo.yupoo.com/minkang/cd76142b20/small.jpg
KANG Team Official ✅;Celtic 26/27 Home Player Version Jersey S-3XL;https://minkang.x.yupoo.com/albums/244865712?uid=1&isSubCate=false&referrercate=3452090;https://photo.yupoo.com/minkang/5458d0c033/small.jpg
KANG Team Official ✅;Rangers 26/27 Home Jersey S-4XL;https://minkang.x.yupoo.com/albums/244623420?uid=1&isSubCate=false&referrercate=3452090;https://photo.yupoo.com/minkang/38959fbf93/small.jpg
KANG Team Official ✅;Celtic 26/27 Home Jersey S-4XL;https://minkang.x.yupoo.com/albums/244522042?uid=1&isSubCate=false&referrercate=3452090;https://photo.yupoo.com/minkang/43c24064bb/small.jpg
KANG Team Official ✅;Celtic Terrace Icons T-Shirt Black S-XXL;https://minkang.x.yupoo.com/albums/237392233?uid=1&isSubCate=false&referrercate=3452090;https://photo.yupoo.com/minkang/8f85011cc9/small.jpg
KANG Team Official ✅;Celtic Terrace Icons Shorts Fluorescent Green S-XXL;https://minkang.x.yupoo.com/albums/236110269?uid=1&isSubCate=false&referrercate=3452090;https://photo.yupoo.com/minkang/2f9c41e310/small.jpg
KANG Team Official ✅;Celtic 26/27 Travel Long-Sleeve Shirt 4 S-4XL;https://minkang.x.yupoo.com/albums/229931863?uid=1&isSubCate=false&referrercate=3452090;https://photo.yupoo.com/minkang/e31fcf79/small.jpg
KANG Team Official ✅;Celtic 26/27 Travel Shirt 4 S-4XL;https://minkang.x.yupoo.com/albums/229894004?uid=1&isSubCate=false&referrercate=3452090;https://photo.yupoo.com/minkang/2d4d9c04/small.jpg
KANG Team Official ✅;Celtics Terrace Icons Shorts T-Shirt Fluorescent Green S-XXL;https://minkang.x.yupoo.com/albums/227758347?uid=1&isSubCate=false&referrercate=3452090;https://photo.yupoo.com/minkang/3b1f88b0/small.jpg
KANG Team Official ✅;Aberdeen 82/83 Home Retro Jersey S-XXL;https://minkang.x.yupoo.com/albums/213793653?uid=1&isSubCate=false&referrercate=3452090;https://photo.yupoo.com/minkang/9022a5fc/small.jpg
KANG Team Official ✅;Rangers F.C. 1996/97 Away Retro Jersey S-XXL;https://minkang.x.yupoo.com/albums/216215328?uid=1&isSubCate=false&referrercate=3452090;https://photo.yupoo.com/minkang/b9ac8ef1/small.jpeg
KANG Team Official ✅;Rangers 25/26 Third Jersey S-4XL;https://minkang.x.yupoo.com/albums/216215310?uid=1&isSubCate=false&referrercate=3452090;https://photo.yupoo.com/minkang/efa7f8c6/small.jpeg
KANG Team Official ✅;Rangers 25/26 Home Jersey S-4XL;https://minkang.x.yupoo.com/albums/216215281?uid=1&isSubCate=false&referrercate=3452090;https://photo.yupoo.com/minkang/9ebebc9a/small.jpeg
KANG Team Official ✅;Rangers 92/94 Away Retro Jersey S-XXL;https://minkang.x.yupoo.com/albums/213862301?uid=1&isSubCate=false&referrercate=3452090;https://photo.yupoo.com/minkang/a8639100/small.jpg
KANG Team Official ✅;Rangers 97/99 Away Retro Jersey S-XXL;https://minkang.x.yupoo.com/albums/213862262?uid=1&isSubCate=false&referrercate=3452090;https://photo.yupoo.com/minkang/5bb623f9/small.jpg
KANG Team Official ✅;Rangers 87/90 Home Retro Jersey S-XXL;https://minkang.x.yupoo.com/albums/213861477?uid=1&isSubCate=false&referrercate=3452090;https://photo.yupoo.com/minkang/64b1a6fd/small.jpg
KANG Team Official ✅;Rangers 99/01 Home Retro Jersey S-XXL;https://minkang.x.yupoo.com/albums/213866522?uid=1&isSubCate=false&referrercate=3452090;https://photo.yupoo.com/minkang/464ad226/small.jpg
KANG Team Official ✅;Rangers 97/99 Home Retro Jersey S-XXL;https://minkang.x.yupoo.com/albums/213863125?uid=1&isSubCate=false&referrercate=3452090;https://photo.yupoo.com/minkang/91aec0d9/small.jpg
KANG Team Official ✅;Rangers 84/87 Home Retro Jersey S-XXL;https://minkang.x.yupoo.com/albums/213862903?uid=1&isSubCate=false&referrercate=3452090;https://photo.yupoo.com/minkang/63d2397b/small.jpg
KANG Team Official ✅;Rangers 92/94 Home Retro Jersey S-XXL;https://minkang.x.yupoo.com/albums/213862769?uid=1&isSubCate=false&referrercate=3452090;https://photo.yupoo.com/minkang/d5f5f76f/small.jpg
KANG Team Official ✅;Rangers 25/26 Away Jersey S-4XL;https://minkang.x.yupoo.com/albums/213267408?uid=1&isSubCate=false&referrercate=3452090;https://photo.yupoo.com/minkang/12174af8/small.jpg
KANG Team Official ✅;Rangers 1994 Away Retro Jersey S-XXL;https://minkang.x.yupoo.com/albums/212234660?uid=1&isSubCate=false&referrercate=3452090;https://photo.yupoo.com/minkang/8fc07199/small.jpg
KANG Team Official ✅;Rangers 25/26 Third Jersey S-4XL;https://minkang.x.yupoo.com/albums/213268979?uid=1&isSubCate=false&referrercate=3452090;https://photo.yupoo.com/minkang/a11e117a/small.jpg
KANG Team Official ✅;Retro Celtics 92/93 away S-XXL;https://minkang.x.yupoo.com/albums/214131638?uid=1&isSubCate=false&referrercate=3452090;https://photo.yupoo.com/minkang/45f37b09/small.jpg
KANG Team Official ✅;25/26 Celtics Away S-4XL;https://minkang.x.yupoo.com/albums/194269662?uid=1&isSubCate=false&referrercate=3452090;https://photo.yupoo.com/minkang/2f874bf6/small.jpeg
KANG Team Official ✅;25／26 Celtic Windbreaker S-XXL;https://minkang.x.yupoo.com/albums/214510739?uid=1&isSubCate=false&referrercate=3452090;https://photo.yupoo.com/minkang/0773e85c/small.jpg
KANG Team Official ✅;Celtic 138th Anniversary Retro Home S-4XL;https://minkang.x.yupoo.com/albums/215046287?uid=1&isSubCate=false&referrercate=3452090;https://photo.yupoo.com/minkang/0efddd6b/small.jpg
KANG Team Official ✅;Retro 80/81Celtics home S-XXL;https://minkang.x.yupoo.com/albums/213865646?uid=1&isSubCate=false&referrercate=3452090;https://photo.yupoo.com/minkang/d84a4e5b/small.jpg
KANG Team Official ✅;Celtic 25/26 Player Version Third Jersey;https://minkang.x.yupoo.com/albums/213273423?uid=1&isSubCate=false&referrercate=3452090;https://photo.yupoo.com/minkang/56142093/small.jpg
KANG Team Official ✅;Celtic 25/26 Third Away Jersey S-4XL;https://minkang.x.yupoo.com/albums/213151644?uid=1&isSubCate=false&referrercate=3452090;https://photo.yupoo.com/minkang/c03d65ed/small.jpg
KANG Team Official ✅;Celtic 25/26 US Pack Full-Button Baseball Jersey White S-XXL;https://minkang.x.yupoo.com/albums/213151037?uid=1&isSubCate=false&referrercate=3452090;https://photo.yupoo.com/minkang/b50bf757/small.jpg
KANG Team Official ✅;Retro celtic 84/86 AWAY S-XXL;https://minkang.x.yupoo.com/albums/212926068?uid=1&isSubCate=false&referrercate=3452090;https://photo.yupoo.com/minkang/b3ff1383/small.jpg
KANG Team Official ✅;Celtics 1989/91 Long Sleeve Home Retro Jersey S-XXL;https://minkang.x.yupoo.com/albums/212247950?uid=1&isSubCate=false&referrercate=3452090;https://photo.yupoo.com/minkang/973f22ae/small.jpg
KANG Team Official ✅;Retro 96/97 Celtics Away S-XXL;https://minkang.x.yupoo.com/albums/212234757?uid=1&isSubCate=false&referrercate=3452090;https://photo.yupoo.com/minkang/43c2d42a/small.jpg
KANG Team Official ✅;Celtics 2006/07 Home Retro Jersey S-XXL;https://minkang.x.yupoo.com/albums/212234265?uid=1&isSubCate=false&referrercate=3452090;https://photo.yupoo.com/minkang/d9981c0c/small.jpg
KANG Team Official ✅;Celtics 1989/91 Home Retro Jersey S-XXL;https://minkang.x.yupoo.com/albums/212194858?uid=1&isSubCate=false&referrercate=3452090;https://photo.yupoo.com/minkang/09331649/small.jpg
KANG Team Official ✅;Celtics 1980 Home Retro Jersey S-XXL;https://minkang.x.yupoo.com/albums/212194834?uid=1&isSubCate=false&referrercate=3452090;https://photo.yupoo.com/minkang/2d4888d8/small.jpg
KANG Team Official ✅;25/26 Celtics Home S-4XL;https://minkang.x.yupoo.com/albums/211960180?uid=1&isSubCate=false&referrercate=3452090;https://photo.yupoo.com/minkang/6cf1bdc1/small.jpg
KANG Team Official ✅;25/26 Celtics Training Jersey Black S-3XL;https://minkang.x.yupoo.com/albums/210982409?uid=1&isSubCate=false&referrercate=3452090;https://photo.yupoo.com/minkang/053e73c6/small.jpg
KANG Team Official ✅;25/26 Celtics Training Jersey Black S-3XL;https://minkang.x.yupoo.com/albums/210982372?uid=1&isSubCate=false&referrercate=3452090;https://photo.yupoo.com/minkang/b2056225/small.jpg
KANG Team Official ✅;25/26 Celtic Special Edition S-4XL;https://minkang.x.yupoo.com/albums/210323711?uid=1&isSubCate=false&referrercate=3452090;https://photo.yupoo.com/minkang/79973bc8/small.jpeg
KANG Team Official ✅;25/26 Celtics away S-4XL;https://minkang.x.yupoo.com/albums/210081248?uid=1&isSubCate=false&referrercate=3452090;https://photo.yupoo.com/minkang/aede804b/small.jpg
KANG Team Official ✅;Retro Sporting Lisbon 99/00 home S-XXL;https://minkang.x.yupoo.com/albums/194449728?uid=1&isSubCate=false&referrercate=3452090;https://photo.yupoo.com/minkang/78214f21/small.jpg
KANG Team Official ✅;Retro Celtics 95/97 Home S-XXL;https://minkang.x.yupoo.com/albums/165363994?uid=1&isSubCate=false&referrercate=3452090;https://photo.yupoo.com/minkang/550d50f5/small.jpeg
KANG Team Official ✅;24/25 Celtic Special Edition S-4XL;https://minkang.x.yupoo.com/albums/160609304?uid=1&isSubCate=false&referrercate=3452090;https://photo.yupoo.com/minkang/4b93ae63/small.jpeg
KANG Team Official ✅;Retro Scotland 96/98 Yellow S-XXL;https://minkang.x.yupoo.com/albums/90367181?uid=1&isSubCate=false&referrercate=3452090;https://photo.yupoo.com/minkang/3f64c5c9/small.jpg
KANG Team Official ✅;Retro Scotland 94/96 White S-XXL;https://minkang.x.yupoo.com/albums/90367149?uid=1&isSubCate=false&referrercate=3452090;https://photo.yupoo.com/minkang/fa850ebe/small.jpg
KANG Team Official ✅;Retro Scotland 1994/96 home S-XXL;https://minkang.x.yupoo.com/albums/91947244?uid=1&isSubCate=false&referrercate=3452090;https://photo.yupoo.com/minkang/e20ae0a5/small.jpg
KANG Team Official ✅;Retro Scotland 1988/89 third away S-XXL;https://minkang.x.yupoo.com/albums/91947151?uid=1&isSubCate=false&referrercate=3452090;https://photo.yupoo.com/minkang/45ad1e38/small.jpg
KANG Team Official ✅;Retro Scotland 1988/89 away S-XXL;https://minkang.x.yupoo.com/albums/91947066?uid=1&isSubCate=false&referrercate=3452090;https://photo.yupoo.com/minkang/5eb4dc22/small.jpg
KANG Team Official ✅;Retro 84/86 Celtic home S-XXL;https://minkang.x.yupoo.com/albums/91946995?uid=1&isSubCate=false&referrercate=3452090;https://photo.yupoo.com/minkang/d30895e3/small.jpg
KANG Team Official ✅;Retro 96/97 Rangers home S-XXL;https://minkang.x.yupoo.com/albums/84984362?uid=1&isSubCate=false&referrercate=3452090;https://photo.yupoo.com/minkang/200c9e5b/small.jpg
KANG Team Official ✅;Retro 95/96 Rangers Red and White S-XXL;https://minkang.x.yupoo.com/albums/85652589?uid=1&isSubCate=false&referrercate=3452090;https://photo.yupoo.com/minkang/b53a8145/small.jpg
KANG Team Official ✅;Retro 98/99 Celtic home S-XXL;https://minkang.x.yupoo.com/albums/82590717?uid=1&isSubCate=false&referrercate=3452090;https://photo.yupoo.com/minkang/05999337/small.jpg
KANG Team Official ✅;Retro Celtics 91/92 away S-XXL;https://minkang.x.yupoo.com/albums/82969332?uid=1&isSubCate=false&referrercate=3452090;https://photo.yupoo.com/minkang/3f5a5ae3/small.jpg
KANG Team Official ✅;Retro 91/92 Celtic home S-XXL;https://minkang.x.yupoo.com/albums/87302259?uid=1&isSubCate=false&referrercate=3452090;https://photo.yupoo.com/minkang/22b44860/small.jpg
